VIN,Time,DCLname,vType,startLaneId,destRoad
1024,9.1000,NorthBound0Entrance,SUV,0,1st Avenue N
1153,55.2600,NorthBound0Entrance,SEDAN,2,1st Street E
1026,9.9400,NorthBound0Entrance,SUV,2,1st Street E
1029,10.7000,NorthBound0Entrance,SEDAN,0,1st Street W
1030,10.9200,NorthBound0Entrance,COUPE,1,1st Avenue N
1161,58.7000,NorthBound0Entrance,COUPE,0,1st Avenue N
1163,59.4400,NorthBound0Entrance,COUPE,1,1st Street E
1167,61.1000,NorthBound0Entrance,VAN,2,1st Street E
1041,14.8000,NorthBound0Entrance,VAN,1,1st Street E
1171,62.7600,NorthBound0Entrance,SUV,0,1st Street E
1173,64.0200,NorthBound0Entrance,SUV,2,1st Street W
1175,64.4600,NorthBound0Entrance,SUV,0,1st Street W
1050,17.5600,NorthBound0Entrance,VAN,2,1st Street E
1051,17.8800,NorthBound0Entrance,SUV,0,1st Street E
1052,18.8800,NorthBound0Entrance,SUV,1,1st Avenue N
1180,66.0000,NorthBound0Entrance,VAN,0,1st Street E
1053,19.2600,NorthBound0Entrance,SUV,2,1st Avenue N
1181,66.4800,NorthBound0Entrance,VAN,2,1st Street E
1185,67.4600,NorthBound0Entrance,COUPE,1,1st Street E
1186,67.7600,NorthBound0Entrance,VAN,0,1st Avenue N
1061,23.2600,NorthBound0Entrance,SEDAN,2,1st Street E
1193,71.1600,NorthBound0Entrance,COUPE,2,1st Street E
1067,25.6800,NorthBound0Entrance,COUPE,1,1st Street E
1069,26.1400,NorthBound0Entrance,SUV,0,1st Street E
1072,28.6600,NorthBound0Entrance,SUV,0,1st Street W
1203,76.9800,NorthBound0Entrance,SUV,1,1st Street W
1079,30.9600,NorthBound0Entrance,SUV,0,1st Avenue N
1082,32.2800,NorthBound0Entrance,VAN,1,1st Street E
1210,79.7000,NorthBound0Entrance,SEDAN,0,1st Avenue N
1213,81.2600,NorthBound0Entrance,SEDAN,1,1st Street W
1215,81.9400,NorthBound0Entrance,VAN,0,1st Avenue N
1218,83.1400,NorthBound0Entrance,SEDAN,2,1st Street E
1091,36.1600,NorthBound0Entrance,COUPE,2,1st Street W
1094,38.0000,NorthBound0Entrance,VAN,0,1st Street W
1100,39.4600,NorthBound0Entrance,SEDAN,1,1st Street W
1231,87.1400,NorthBound0Entrance,SUV,2,1st Street E
1106,40.6200,NorthBound0Entrance,SEDAN,2,1st Street W
1236,89.7400,NorthBound0Entrance,SEDAN,2,1st Street W
1237,90.3600,NorthBound0Entrance,COUPE,1,1st Avenue N
1112,42.6200,NorthBound0Entrance,COUPE,2,1st Street W
1242,91.7000,NorthBound0Entrance,SUV,1,1st Street E
1115,42.8000,NorthBound0Entrance,SUV,1,1st Street W
1119,44.5400,NorthBound0Entrance,SUV,2,1st Avenue N
1247,93.2600,NorthBound0Entrance,COUPE,0,1st Avenue N
1248,93.4400,NorthBound0Entrance,COUPE,2,1st Street E
1122,45.4400,NorthBound0Entrance,COUPE,1,1st Street E
1253,94.8400,NorthBound0Entrance,SUV,1,1st Street W
1255,95.9200,NorthBound0Entrance,COUPE,0,1st Street W
1128,47.0000,NorthBound0Entrance,COUPE,2,1st Street E
1259,96.6400,NorthBound0Entrance,COUPE,2,1st Avenue N
1261,97.2000,NorthBound0Entrance,VAN,1,1st Avenue N
1006,3.4400,NorthBound0Entrance,SEDAN,1,1st Street E
1134,48.3800,NorthBound0Entrance,SEDAN,1,1st Street E
1135,49.1000,NorthBound0Entrance,SUV,2,1st Avenue N
1008,4.5400,NorthBound0Entrance,VAN,0,1st Avenue N
1136,49.2400,NorthBound0Entrance,COUPE,0,1st Street E
1010,4.8000,NorthBound0Entrance,SEDAN,1,1st Street E
1140,50.5400,NorthBound0Entrance,VAN,2,1st Street W
1016,6.8800,NorthBound0Entrance,SUV,2,1st Street W
1017,7.0400,NorthBound0Entrance,SEDAN,0,1st Street W
1145,52.4200,NorthBound0Entrance,VAN,2,1st Street E
1022,8.2800,NorthBound0Entrance,SUV,1,1st Avenue N
1150,53.9200,NorthBound0Entrance,COUPE,1,1st Avenue N
1024,39.7400,NorthBound0Exit,SUV,0,1st Avenue N
1152,81.8400,NorthBound0Exit,COUPE,8,1st Avenue N
1154,86.0600,NorthBound0Exit,SUV,7,1st Avenue N
1028,24.2000,NorthBound0Exit,SUV,9,1st Avenue N
1030,26.0200,NorthBound0Exit,COUPE,1,1st Avenue N
1161,91.7200,NorthBound0Exit,COUPE,0,1st Avenue N
1162,86.7600,NorthBound0Exit,COUPE,11,1st Avenue N
1037,39.1000,NorthBound0Exit,SEDAN,10,1st Avenue N
1101,55.9400,NorthBound0Exit,SEDAN,8,1st Avenue N
1102,57.5400,NorthBound0Exit,SEDAN,6,1st Avenue N
1039,30.1000,NorthBound0Exit,SEDAN,6,1st Avenue N
1040,48.2400,NorthBound0Exit,SEDAN,11,1st Avenue N
1104,51.7400,NorthBound0Exit,SUV,9,1st Avenue N
1168,87.3600,NorthBound0Exit,SEDAN,8,1st Avenue N
1107,69.4400,NorthBound0Exit,VAN,10,1st Avenue N
1172,96.3000,NorthBound0Exit,COUPE,8,1st Avenue N
1045,32.3800,NorthBound0Exit,COUPE,6,1st Avenue N
1110,74.3000,NorthBound0Exit,SUV,6,1st Avenue N
1179,77.2000,NorthBound0Exit,VAN,9,1st Avenue N
1052,29.6400,NorthBound0Exit,SUV,1,1st Avenue N
1053,35.8000,NorthBound0Exit,SUV,2,1st Avenue N
1182,89.6200,NorthBound0Exit,VAN,11,1st Avenue N
1055,38.8400,NorthBound0Exit,SUV,8,1st Avenue N
1119,65.9400,NorthBound0Exit,SUV,2,1st Avenue N
1057,31.7000,NorthBound0Exit,SEDAN,9,1st Avenue N
1121,74.6200,NorthBound0Exit,VAN,10,1st Avenue N
1124,58.0800,NorthBound0Exit,SEDAN,8,1st Avenue N
1064,48.7400,NorthBound0Exit,COUPE,10,1st Avenue N
1192,82.5800,NorthBound0Exit,VAN,9,1st Avenue N
1129,83.8400,NorthBound0Exit,SEDAN,6,1st Avenue N
1194,90.5400,NorthBound0Exit,COUPE,11,1st Avenue N
1131,68.0400,NorthBound0Exit,SEDAN,7,1st Avenue N
1197,84.5800,NorthBound0Exit,SEDAN,9,1st Avenue N
1135,71.1000,NorthBound0Exit,SUV,2,1st Avenue N
1199,97.3600,NorthBound0Exit,COUPE,7,1st Avenue N
1008,15.3000,NorthBound0Exit,VAN,0,1st Avenue N
1073,44.0000,NorthBound0Exit,SEDAN,7,1st Avenue N
1137,61.6000,NorthBound0Exit,SUV,9,1st Avenue N
1201,92.6000,NorthBound0Exit,SUV,11,1st Avenue N
1011,17.9400,NorthBound0Exit,SEDAN,7,1st Avenue N
1075,40.3400,NorthBound0Exit,COUPE,9,1st Avenue N
1142,79.4400,NorthBound0Exit,COUPE,10,1st Avenue N
1079,78.6200,NorthBound0Exit,SUV,0,1st Avenue N
1143,80.7000,NorthBound0Exit,SUV,7,1st Avenue N
1147,64.4400,NorthBound0Exit,VAN,8,1st Avenue N
1022,24.6400,NorthBound0Exit,SUV,1,1st Avenue N
1150,64.6800,NorthBound0Exit,COUPE,1,1st Avenue N
1027,10.1000,SouthBound0Entrance,SUV,3,1st Street E
1158,57.6800,SouthBound0Entrance,COUPE,5,1st Street W
1031,10.9600,SouthBound0Entrance,SEDAN,5,1st Avenue S
1032,11.2800,SouthBound0Entrance,SEDAN,4,1st Street E
1164,60.5200,SouthBound0Entrance,SEDAN,4,1st Avenue S
1038,12.5000,SouthBound0Entrance,VAN,5,1st Avenue S
1166,60.8600,SouthBound0Entrance,SEDAN,3,1st Street W
1169,61.4600,SouthBound0Entrance,COUPE,5,1st Street W
1170,62.6400,SouthBound0Entrance,VAN,4,1st Street E
1046,16.3200,SouthBound0Entrance,SEDAN,4,1st Street E
1176,65.0200,SouthBound0Entrance,SUV,5,1st Street E
1054,19.5000,SouthBound0Entrance,SUV,4,1st Street E
1183,66.9400,SouthBound0Entrance,COUPE,4,1st Street W
1058,20.8400,SouthBound0Entrance,SEDAN,3,1st Street W
1187,67.9600,SouthBound0Entrance,SUV,5,1st Street E
1062,23.7400,SouthBound0Entrance,VAN,5,1st Avenue S
1190,69.7200,SouthBound0Entrance,VAN,3,1st Street E
1063,24.5400,SouthBound0Entrance,SUV,4,1st Street E
1191,70.8000,SouthBound0Entrance,COUPE,4,1st Street E
1065,25.3800,SouthBound0Entrance,SUV,5,1st Street W
1066,25.5200,SouthBound0Entrance,COUPE,3,1st Street E
1196,72.6200,SouthBound0Entrance,VAN,4,1st Street E
1070,26.6200,SouthBound0Entrance,SEDAN,4,1st Avenue S
1071,27.4800,SouthBound0Entrance,COUPE,3,1st Street E
1200,74.2200,SouthBound0Entrance,SEDAN,4,1st Street E
1077,30.0400,SouthBound0Entrance,VAN,5,1st Street E
1206,77.9400,SouthBound0Entrance,VAN,5,1st Street W
1080,31.3000,SouthBound0Entrance,SUV,4,1st Street W
1208,78.9200,SouthBound0Entrance,SUV,4,1st Avenue S
1083,32.6000,SouthBound0Entrance,VAN,5,1st Street E
1212,81.1200,SouthBound0Entrance,VAN,5,1st Street W
1085,33.5200,SouthBound0Entrance,SEDAN,3,1st Street E
1088,35.0800,SouthBound0Entrance,SEDAN,5,1st Street W
1089,35.3600,SouthBound0Entrance,VAN,3,1st Street E
1217,82.3200,SouthBound0Entrance,SUV,4,1st Street E
1219,83.5600,SouthBound0Entrance,COUPE,3,1st Street W
1221,84.3600,SouthBound0Entrance,COUPE,5,1st Street W
1095,38.6400,SouthBound0Entrance,COUPE,4,1st Street W
1224,84.4600,SouthBound0Entrance,VAN,4,1st Street W
1098,38.7400,SouthBound0Entrance,COUPE,5,1st Street W
1099,38.8800,SouthBound0Entrance,SEDAN,3,1st Street W
1228,86.4600,SouthBound0Entrance,SEDAN,3,1st Avenue S
1103,40.0400,SouthBound0Entrance,VAN,4,1st Street E
1235,89.5800,SouthBound0Entrance,VAN,3,1st Street E
1111,42.5200,SouthBound0Entrance,VAN,5,1st Street E
1113,42.7000,SouthBound0Entrance,SUV,3,1st Avenue S
1243,92.0400,SouthBound0Entrance,COUPE,5,1st Avenue S
1118,44.2800,SouthBound0Entrance,SUV,3,1st Avenue S
1250,94.0600,SouthBound0Entrance,SUV,4,1st Street W
1123,45.5200,SouthBound0Entrance,SEDAN,4,1st Avenue S
1126,46.7200,SouthBound0Entrance,SUV,3,1st Street W
1254,95.7400,SouthBound0Entrance,SUV,3,1st Street W
1127,46.9200,SouthBound0Entrance,VAN,5,1st Street E
1001,1.7400,SouthBound0Entrance,SUV,5,1st Street E
1004,2.6600,SouthBound0Entrance,VAN,4,1st Street W
1132,48.2200,SouthBound0Entrance,COUPE,4,1st Street E
1264,98.4600,SouthBound0Entrance,SEDAN,5,1st Avenue S
1266,99.0600,SouthBound0Entrance,SUV,3,1st Street W
1139,50.3200,SouthBound0Entrance,VAN,4,1st Street W
1012,5.9800,SouthBound0Entrance,SUV,5,1st Street W
1144,51.6600,SouthBound0Entrance,VAN,3,1st Street W
1018,7.2400,SouthBound0Entrance,SEDAN,3,1st Avenue S
1146,52.6400,SouthBound0Entrance,VAN,4,1st Street W
1020,8.0200,SouthBound0Entrance,COUPE,5,1st Street W
1148,53.1400,SouthBound0Entrance,SUV,3,1st Street W
1025,35.6600,SouthBound0Exit,VAN,10,1st Avenue S
1090,50.0000,SouthBound0Exit,VAN,7,1st Avenue S
1155,91.5400,SouthBound0Exit,COUPE,6,1st Avenue S
1220,99.7600,SouthBound0Exit,SUV,11,1st Avenue S
1031,21.7200,SouthBound0Exit,SEDAN,5,1st Avenue S
1096,50.7400,SouthBound0Exit,COUPE,7,1st Avenue S
1033,25.7200,SouthBound0Exit,VAN,7,1st Avenue S
1097,65.3000,SouthBound0Exit,COUPE,10,1st Avenue S
1034,26.2800,SouthBound0Exit,SEDAN,6,1st Avenue S
1227,98.6600,SouthBound0Exit,VAN,9,1st Avenue S
1036,46.1400,SouthBound0Exit,COUPE,11,1st Avenue S
1164,92.1200,SouthBound0Exit,SEDAN,4,1st Avenue S
1038,26.9200,SouthBound0Exit,VAN,5,1st Avenue S
1105,62.0800,SouthBound0Exit,SUV,11,1st Avenue S
1043,45.3800,SouthBound0Exit,SEDAN,10,1st Avenue S
1044,28.5600,SouthBound0Exit,SUV,9,1st Avenue S
1109,71.5200,SouthBound0Exit,VAN,11,1st Avenue S
1047,33.6400,SouthBound0Exit,SEDAN,7,1st Avenue S
1113,69.9600,SouthBound0Exit,SUV,3,1st Avenue S
1116,78.2600,SouthBound0Exit,VAN,11,1st Avenue S
1118,72.3000,SouthBound0Exit,SUV,3,1st Avenue S
1123,65.6200,SouthBound0Exit,SEDAN,4,1st Avenue S
1189,82.4800,SouthBound0Exit,VAN,9,1st Avenue S
1062,34.5000,SouthBound0Exit,VAN,5,1st Avenue S
1000,13.0800,SouthBound0Exit,SEDAN,11,1st Avenue S
1002,13.6800,SouthBound0Exit,SEDAN,6,1st Avenue S
1195,94.2400,SouthBound0Exit,SEDAN,10,1st Avenue S
1133,60.7600,SouthBound0Exit,COUPE,8,1st Avenue S
1070,41.6000,SouthBound0Exit,SEDAN,4,1st Avenue S
1007,15.6800,SouthBound0Exit,VAN,6,1st Avenue S
1076,42.9600,SouthBound0Exit,VAN,8,1st Avenue S
1141,90.2200,SouthBound0Exit,SUV,6,1st Avenue S
1014,19.8000,SouthBound0Exit,SUV,8,1st Avenue S
1081,57.2000,SouthBound0Exit,COUPE,10,1st Avenue S
1018,26.1400,SouthBound0Exit,SEDAN,3,1st Avenue S
1019,23.8000,SouthBound0Exit,VAN,9,1st Avenue S
1021,24.6800,SouthBound0Exit,VAN,11,1st Avenue S
1149,83.6400,SouthBound0Exit,VAN,7,1st Avenue S
1023,20.5600,SouthBound0Exit,VAN,10,1st Avenue S
1087,60.0800,SouthBound0Exit,SEDAN,10,1st Avenue S
1151,76.7400,SouthBound0Exit,VAN,9,1st Avenue S
1152,54.2200,EastBound0Entrance,COUPE,8,1st Avenue N
1154,55.5400,EastBound0Entrance,SUV,7,1st Avenue N
1155,55.6200,EastBound0Entrance,COUPE,6,1st Avenue S
1157,57.4600,EastBound0Entrance,COUPE,8,1st Street E
1160,57.8800,EastBound0Entrance,VAN,6,1st Street E
1033,11.8000,EastBound0Entrance,VAN,7,1st Avenue S
1034,11.9800,EastBound0Entrance,SEDAN,6,1st Avenue S
1035,12.0200,EastBound0Entrance,VAN,8,1st Street E
1165,60.6400,EastBound0Entrance,SEDAN,7,1st Street E
1039,14.0400,EastBound0Entrance,SEDAN,6,1st Avenue N
1168,61.2200,EastBound0Entrance,SEDAN,8,1st Avenue N
1042,15.2800,EastBound0Entrance,SEDAN,7,1st Street E
1172,63.2600,EastBound0Entrance,COUPE,8,1st Avenue N
1045,15.8000,EastBound0Entrance,COUPE,6,1st Avenue N
1174,64.4600,EastBound0Entrance,VAN,7,1st Street E
1047,16.7800,EastBound0Entrance,SEDAN,7,1st Avenue S
1049,17.4000,EastBound0Entrance,SUV,8,1st Street E
1177,65.3600,EastBound0Entrance,COUPE,6,1st Street E
1055,19.6200,EastBound0Entrance,SUV,8,1st Avenue N
1056,19.6600,EastBound0Entrance,SEDAN,7,1st Street E
1184,67.1000,EastBound0Entrance,COUPE,6,1st Street E
1188,69.3600,EastBound0Entrance,COUPE,8,1st Street E
1068,26.0600,EastBound0Entrance,VAN,8,1st Street E
1198,73.9800,EastBound0Entrance,VAN,6,1st Avenue N
1199,74.0000,EastBound0Entrance,COUPE,7,1st Avenue N
1073,28.7000,EastBound0Entrance,SEDAN,7,1st Avenue N
1074,29.1600,EastBound0Entrance,VAN,6,1st Street E
1202,76.2600,EastBound0Entrance,COUPE,8,1st Avenue N
1076,29.6000,EastBound0Entrance,VAN,8,1st Avenue S
1205,77.7600,EastBound0Entrance,SEDAN,7,1st Street E
1207,78.8200,EastBound0Entrance,SEDAN,8,1st Street E
1214,81.4800,EastBound0Entrance,SUV,6,1st Avenue S
1216,82.2800,EastBound0Entrance,COUPE,7,1st Street E
1090,36.0800,EastBound0Entrance,VAN,7,1st Avenue S
1222,84.4000,EastBound0Entrance,VAN,8,1st Street E
1096,38.7400,EastBound0Entrance,COUPE,7,1st Avenue S
1225,84.8800,EastBound0Entrance,SUV,6,1st Street E
1226,85.1600,EastBound0Entrance,SUV,7,1st Street E
1101,40.0000,EastBound0Entrance,SEDAN,8,1st Avenue N
1229,86.6800,EastBound0Entrance,COUPE,8,1st Street E
1102,40.0200,EastBound0Entrance,SEDAN,6,1st Avenue N
1230,86.8600,EastBound0Entrance,SEDAN,6,1st Avenue N
1233,88.2000,EastBound0Entrance,COUPE,6,1st Avenue N
1110,42.2400,EastBound0Entrance,SUV,6,1st Avenue N
1238,90.4200,EastBound0Entrance,SUV,8,1st Street E
1240,90.7400,EastBound0Entrance,VAN,6,1st Avenue S
1114,42.7600,EastBound0Entrance,SUV,7,1st Street E
1244,92.4000,EastBound0Entrance,SEDAN,8,1st Street E
1120,45.1800,EastBound0Entrance,VAN,6,1st Street E
1249,93.8000,EastBound0Entrance,SEDAN,6,1st Avenue N
1124,46.1400,EastBound0Entrance,SEDAN,8,1st Avenue N
1252,94.4000,EastBound0Entrance,COUPE,7,1st Avenue S
1125,46.4800,EastBound0Entrance,SUV,7,1st Street E
1129,47.6400,EastBound0Entrance,SEDAN,6,1st Avenue N
1257,96.2000,EastBound0Entrance,SEDAN,6,1st Avenue S
1002,2.0800,EastBound0Entrance,SEDAN,6,1st Avenue S
1258,96.5000,EastBound0Entrance,COUPE,7,1st Avenue N
1131,48.0600,EastBound0Entrance,SEDAN,7,1st Avenue N
1260,96.8800,EastBound0Entrance,VAN,8,1st Avenue N
1005,3.3200,EastBound0Entrance,SEDAN,8,1st Street E
1133,48.2600,EastBound0Entrance,COUPE,8,1st Avenue S
1007,4.2400,EastBound0Entrance,VAN,6,1st Avenue S
1263,98.0000,EastBound0Entrance,SEDAN,6,1st Avenue N
1138,49.7200,EastBound0Entrance,SUV,6,1st Street E
1011,5.6200,EastBound0Entrance,SEDAN,7,1st Avenue N
1013,6.3800,EastBound0Entrance,SEDAN,6,1st Street E
1141,51.3200,EastBound0Entrance,SUV,6,1st Avenue S
1014,6.7400,EastBound0Entrance,SUV,8,1st Avenue S
1143,51.6000,EastBound0Entrance,SUV,7,1st Avenue N
1147,52.7600,EastBound0Entrance,VAN,8,1st Avenue N
1149,53.7200,EastBound0Entrance,VAN,7,1st Avenue S
1153,78.6000,EastBound0Exit,SEDAN,2,1st Street E
1026,22.8000,EastBound0Exit,SUV,2,1st Street E
1027,34.5600,EastBound0Exit,SUV,3,1st Street E
1157,84.1400,EastBound0Exit,COUPE,8,1st Street E
1032,23.6000,EastBound0Exit,SEDAN,4,1st Street E
1160,99.1000,EastBound0Exit,VAN,6,1st Street E
1035,31.5600,EastBound0Exit,VAN,8,1st Street E
1163,71.4400,EastBound0Exit,COUPE,1,1st Street E
1165,90.2800,EastBound0Exit,SEDAN,7,1st Street E
1167,82.4800,EastBound0Exit,VAN,2,1st Street E
1041,28.7200,EastBound0Exit,VAN,1,1st Street E
1042,30.7600,EastBound0Exit,SEDAN,7,1st Street E
1170,95.0600,EastBound0Exit,VAN,4,1st Street E
1171,96.8400,EastBound0Exit,SUV,0,1st Street E
1046,28.6400,EastBound0Exit,SEDAN,4,1st Street E
1174,95.9400,EastBound0Exit,VAN,7,1st Street E
1176,76.8400,EastBound0Exit,SUV,5,1st Street E
1049,32.1200,EastBound0Exit,SUV,8,1st Street E
1050,30.9200,EastBound0Exit,VAN,2,1st Street E
1051,53.1400,EastBound0Exit,SUV,0,1st Street E
1181,87.4200,EastBound0Exit,VAN,2,1st Street E
1054,31.8000,EastBound0Exit,SUV,4,1st Street E
1056,38.0800,EastBound0Exit,SEDAN,7,1st Street E
1185,79.4600,EastBound0Exit,COUPE,1,1st Street E
1187,95.6800,EastBound0Exit,SUV,5,1st Street E
1061,40.5200,EastBound0Exit,SEDAN,2,1st Street E
1190,89.6400,EastBound0Exit,VAN,3,1st Street E
1063,36.8400,EastBound0Exit,SUV,4,1st Street E
1193,88.3000,EastBound0Exit,COUPE,2,1st Street E
1066,43.3600,EastBound0Exit,COUPE,3,1st Street E
1067,37.6800,EastBound0Exit,COUPE,1,1st Street E
1068,41.3200,EastBound0Exit,VAN,8,1st Street E
1069,55.1200,EastBound0Exit,SUV,0,1st Street E
1071,50.6800,EastBound0Exit,COUPE,3,1st Street E
1074,39.9200,EastBound0Exit,VAN,6,1st Street E
1077,41.7200,EastBound0Exit,VAN,5,1st Street E
1205,99.8800,EastBound0Exit,SEDAN,7,1st Street E
1082,46.2000,EastBound0Exit,VAN,1,1st Street E
1083,55.0400,EastBound0Exit,VAN,5,1st Street E
1085,54.4000,EastBound0Exit,SEDAN,3,1st Street E
1089,64.8200,EastBound0Exit,VAN,3,1st Street E
1218,96.3000,EastBound0Exit,SEDAN,2,1st Street E
1103,63.3800,EastBound0Exit,VAN,4,1st Street E
1231,100.0000,EastBound0Exit,SUV,2,1st Street E
1111,66.8000,EastBound0Exit,VAN,5,1st Street E
1114,53.5200,EastBound0Exit,SUV,7,1st Street E
1120,79.9400,EastBound0Exit,VAN,6,1st Street E
1122,60.3400,EastBound0Exit,COUPE,1,1st Street E
1125,61.2800,EastBound0Exit,SUV,7,1st Street E
1127,69.4000,EastBound0Exit,VAN,5,1st Street E
1128,67.0600,EastBound0Exit,COUPE,2,1st Street E
1001,13.5600,EastBound0Exit,SUV,5,1st Street E
1132,73.1600,EastBound0Exit,COUPE,4,1st Street E
1005,19.1600,EastBound0Exit,SEDAN,8,1st Street E
1006,17.1600,EastBound0Exit,SEDAN,1,1st Street E
1134,63.5400,EastBound0Exit,SEDAN,1,1st Street E
1136,82.9800,EastBound0Exit,COUPE,0,1st Street E
1010,18.6000,EastBound0Exit,SEDAN,1,1st Street E
1138,87.9800,EastBound0Exit,SUV,6,1st Street E
1013,21.6800,EastBound0Exit,SEDAN,6,1st Street E
1145,76.7000,EastBound0Exit,VAN,2,1st Street E
1025,9.9200,WestBound0Entrance,VAN,10,1st Avenue S
1028,10.5600,WestBound0Entrance,SUV,9,1st Avenue N
1156,55.9400,WestBound0Entrance,COUPE,11,1st Street W
1159,57.8000,WestBound0Entrance,VAN,10,1st Street W
1162,59.3400,WestBound0Entrance,COUPE,11,1st Avenue N
1036,12.1000,WestBound0Entrance,COUPE,11,1st Avenue S
1037,12.4000,WestBound0Entrance,SEDAN,10,1st Avenue N
1040,14.1200,WestBound0Entrance,SEDAN,11,1st Avenue N
1043,15.5600,WestBound0Entrance,SEDAN,10,1st Avenue S
1044,15.7600,WestBound0Entrance,SUV,9,1st Avenue S
1048,16.8000,WestBound0Entrance,SEDAN,11,1st Street W
1178,65.4600,WestBound0Entrance,VAN,10,1st Street W
1179,65.7600,WestBound0Entrance,VAN,9,1st Avenue N
1182,66.9000,WestBound0Entrance,VAN,11,1st Avenue N
1057,20.1000,WestBound0Entrance,SEDAN,9,1st Avenue N
1059,22.3200,WestBound0Entrance,COUPE,11,1st Street W
1060,22.6800,WestBound0Entrance,VAN,10,1st Street W
1189,69.6000,WestBound0Entrance,VAN,9,1st Avenue S
1064,25.0400,WestBound0Entrance,COUPE,10,1st Avenue N
1192,71.1400,WestBound0Entrance,VAN,9,1st Avenue N
1194,71.4200,WestBound0Entrance,COUPE,11,1st Avenue N
1195,71.5000,WestBound0Entrance,SEDAN,10,1st Avenue S
1197,72.9800,WestBound0Entrance,SEDAN,9,1st Avenue N
1201,74.9200,WestBound0Entrance,SUV,11,1st Avenue N
1075,29.1600,WestBound0Entrance,COUPE,9,1st Avenue N
1204,77.3400,WestBound0Entrance,SEDAN,10,1st Street W
1078,30.5000,WestBound0Entrance,VAN,10,1st Street W
1081,31.9800,WestBound0Entrance,COUPE,10,1st Avenue S
1209,79.3800,WestBound0Entrance,SUV,10,1st Street W
1211,80.2200,WestBound0Entrance,COUPE,11,1st Street W
1084,32.6400,WestBound0Entrance,VAN,11,1st Street W
1086,33.9800,WestBound0Entrance,SUV,9,1st Street W
1087,34.6800,WestBound0Entrance,SEDAN,10,1st Avenue S
1092,37.0800,WestBound0Entrance,VAN,11,1st Street W
1220,84.1200,WestBound0Entrance,SUV,11,1st Avenue S
1093,37.7600,WestBound0Entrance,VAN,9,1st Street W
1223,84.4200,WestBound0Entrance,SEDAN,10,1st Avenue N
1097,38.7400,WestBound0Entrance,COUPE,10,1st Avenue S
1227,85.7800,WestBound0Entrance,VAN,9,1st Avenue S
1104,40.2000,WestBound0Entrance,SUV,9,1st Avenue N
1232,88.0600,WestBound0Entrance,COUPE,10,1st Avenue S
1105,40.2600,WestBound0Entrance,SUV,11,1st Avenue S
1234,88.3000,WestBound0Entrance,VAN,11,1st Street W
1107,41.3200,WestBound0Entrance,VAN,10,1st Avenue N
1108,41.7600,WestBound0Entrance,COUPE,9,1st Street W
1109,41.8000,WestBound0Entrance,VAN,11,1st Avenue S
1239,90.4800,WestBound0Entrance,VAN,9,1st Avenue N
1241,91.4200,WestBound0Entrance,SUV,11,1st Street W
1116,43.7000,WestBound0Entrance,VAN,11,1st Avenue S
1117,44.1200,WestBound0Entrance,SUV,9,1st Street W
1245,92.5800,WestBound0Entrance,COUPE,9,1st Avenue S
1246,92.8600,WestBound0Entrance,SEDAN,10,1st Street W
1121,45.4400,WestBound0Entrance,VAN,10,1st Avenue N
1251,94.1600,WestBound0Entrance,VAN,11,1st Avenue S
1000,1.3000,WestBound0Entrance,SEDAN,11,1st Avenue S
1256,96.1400,WestBound0Entrance,SEDAN,9,1st Avenue N
1130,47.6800,WestBound0Entrance,COUPE,10,1st Street W
1003,2.3400,WestBound0Entrance,SEDAN,10,1st Street W
1262,97.7800,WestBound0Entrance,COUPE,10,1st Street W
1009,4.7800,WestBound0Entrance,VAN,9,1st Street W
1137,49.6200,WestBound0Entrance,SUV,9,1st Avenue N
1265,98.4800,WestBound0Entrance,COUPE,11,1st Avenue N
1267,99.6800,WestBound0Entrance,SEDAN,10,1st Street W
1142,51.5000,WestBound0Entrance,COUPE,10,1st Avenue N
1015,6.8600,WestBound0Entrance,COUPE,11,1st Street W
1019,7.6200,WestBound0Entrance,VAN,9,1st Avenue S
1021,8.1600,WestBound0Entrance,VAN,11,1st Avenue S
1023,8.4000,WestBound0Entrance,VAN,10,1st Avenue S
1151,54.0400,WestBound0Entrance,VAN,9,1st Avenue S
1156,82.2800,WestBound0Exit,COUPE,11,1st Street W
1029,50.7200,WestBound0Exit,SEDAN,0,1st Street W
1158,70.1800,WestBound0Exit,COUPE,5,1st Street W
1159,89.9200,WestBound0Exit,VAN,10,1st Street W
1166,84.0400,WestBound0Exit,SEDAN,3,1st Street W
1169,73.9600,WestBound0Exit,COUPE,5,1st Street W
1173,84.7600,WestBound0Exit,SUV,2,1st Street W
1048,51.4400,WestBound0Exit,SEDAN,11,1st Street W
1178,92.1600,WestBound0Exit,VAN,10,1st Street W
1183,99.0200,WestBound0Exit,COUPE,4,1st Street W
1058,38.8000,WestBound0Exit,SEDAN,3,1st Street W
1059,54.0200,WestBound0Exit,COUPE,11,1st Street W
1060,47.5800,WestBound0Exit,VAN,10,1st Street W
1065,38.2400,WestBound0Exit,SUV,5,1st Street W
1072,74.6800,WestBound0Exit,SUV,0,1st Street W
1203,89.2800,WestBound0Exit,SUV,1,1st Street W
1204,95.8400,WestBound0Exit,SEDAN,10,1st Street W
1078,51.5000,WestBound0Exit,VAN,10,1st Street W
1206,98.5200,WestBound0Exit,VAN,5,1st Street W
1080,44.7200,WestBound0Exit,SUV,4,1st Street W
1209,98.6400,WestBound0Exit,SUV,10,1st Street W
1211,95.2000,WestBound0Exit,COUPE,11,1st Street W
1084,56.1000,WestBound0Exit,VAN,11,1st Street W
1213,93.5800,WestBound0Exit,SEDAN,1,1st Street W
1086,44.7400,WestBound0Exit,SUV,9,1st Street W
1088,59.1400,WestBound0Exit,SEDAN,5,1st Street W
1091,47.7200,WestBound0Exit,COUPE,2,1st Street W
1219,94.7400,WestBound0Exit,COUPE,3,1st Street W
1092,60.1600,WestBound0Exit,VAN,11,1st Street W
1093,48.5200,WestBound0Exit,VAN,9,1st Street W
1094,81.9600,WestBound0Exit,VAN,0,1st Street W
1095,50.6400,WestBound0Exit,COUPE,4,1st Street W
1098,62.5000,WestBound0Exit,COUPE,5,1st Street W
1099,66.5000,WestBound0Exit,SEDAN,3,1st Street W
1100,51.7800,WestBound0Exit,SEDAN,1,1st Street W
1106,52.4000,WestBound0Exit,SEDAN,2,1st Street W
1234,99.6200,WestBound0Exit,VAN,11,1st Street W
1108,55.0000,WestBound0Exit,COUPE,9,1st Street W
1112,60.2200,WestBound0Exit,COUPE,2,1st Street W
1115,59.0200,WestBound0Exit,SUV,1,1st Street W
1117,61.2000,WestBound0Exit,SUV,9,1st Street W
1126,74.4600,WestBound0Exit,SUV,3,1st Street W
1130,75.2000,WestBound0Exit,COUPE,10,1st Street W
1003,13.5200,WestBound0Exit,SEDAN,10,1st Street W
1004,16.5800,WestBound0Exit,VAN,4,1st Street W
1009,20.0400,WestBound0Exit,VAN,9,1st Street W
1139,81.2000,WestBound0Exit,VAN,4,1st Street W
1012,18.8400,WestBound0Exit,SUV,5,1st Street W
1140,75.3200,WestBound0Exit,VAN,2,1st Street W
1015,20.9800,WestBound0Exit,COUPE,11,1st Street W
1016,18.7000,WestBound0Exit,SUV,2,1st Street W
1144,78.2200,WestBound0Exit,VAN,3,1st Street W
1017,28.1000,WestBound0Exit,SEDAN,0,1st Street W
1146,87.1000,WestBound0Exit,VAN,4,1st Street W
1020,20.5200,WestBound0Exit,COUPE,5,1st Street W
1148,81.7600,WestBound0Exit,SUV,3,1st Street W
